{
    "name": "vtt-SharedData",
    "title": "Coop's Shared Data",
    "description": "Sharing data across worlds. Primarily for Cyberpunk RED.",
    "author": "coopyey",
    "version": "1.1.1",
    "url": "https://github.com/coopyey/vtt-SharedData",
    "manifest": "https://github.com/coopyey/vtt-SharedData/releases/latest/download/module.json",
    "download": "https://github.com/coopyey/vtt-SharedData/releases/download/v1.1.1/module.zip",
    "compatibility": {
        "minimum": "11.315"
    },
    "packFolders": [
        {
            "name": "Netrunning Items",
            "sorting": "m",
            "packs": [
                "netrunning-black-ice-programs",
                "netrunning-black-ice",
                "netrunning-demons",
                "netrunning-other"
            ]
        }
    ],
    "packs": [
        {
            "name": "cyberpunk-red-corrected-dvs",
            "label": "Cyberpunk RED: Corrected DVs",
            "path": "packs/cyberpunk-red-corrected-dvs",
            "type": "RollTable",
            "ownership": {
                "PLAYER": "OBSERVER",
                "ASSISTANT": "OWNER"
            },
            "system": "cyberpunk-red-core",
            "flags": {}
        },
        {
            "name": "night-city-alcohol",
            "label": "Night City Alcohol",
            "path": "packs/night-city-alcohol",
            "type": "Item",
            "ownership": {
                "PLAYER": "OBSERVER",
                "ASSISTANT": "OWNER"
            },
            "system": "cyberpunk-red-core",
            "flags": {}
        },
        {
            "name": "netrunning-black-ice",
            "label": "Netrunning: Black Ice",
            "path": "packs/netrunning-black-ice",
            "type": "Actor",
            "ownership": {
                "PLAYER": "OBSERVER",
                "ASSISTANT": "OWNER"
            },
            "system": "cyberpunk-red-core",
            "flags": {}
        },        
        {
            "name": "netrunning-black-ice-programs",
            "label": "Programs: Black Ice",
            "path": "packs/netrunning-black-ice-programs",
            "type": "Item",
            "ownership": {
                "PLAYER": "OBSERVER",
                "ASSISTANT": "OWNER"
            },
            "system": "cyberpunk-red-core",
            "flags": {}
        },
        {
            "name": "netrunning-demons",
            "label": "Netrunning: Demons",
            "path": "packs/netrunning-demons",
            "type": "Actor",
            "ownership": {
                "PLAYER": "OBSERVER",
                "ASSISTANT": "OWNER"
            },
            "system": "cyberpunk-red-core",
            "flags": {}
        },
        {
            "name": "netrunning-other",
            "label": "Netrunning: Other",
            "path": "packs/netrunning-other",
            "type": "Actor",
            "ownership": {
                "PLAYER": "OBSERVER",
                "ASSISTANT": "OWNER"
            },
            "system": "cyberpunk-red-core",
            "flags": {}
        },
        {
            "name": "night-city-support-macros",
            "label": "Night City Macros",
            "path": "packs/night-city-support-macros",
            "type": "Macro",
            "ownership": {
                "PLAYER": "OBSERVER",
                "ASSISTANT": "OWNER"
            },
            "syste": "cyberpunk-red-core",
            "flags": {}
        }
    ]
}
